sale_id,customer_id,product_id,sale_date,quantity,total_amount
1,177,141,2023-08-09 13:33:18,3,283.66888081096454
2,772,577,2023-07-22 18:33:03,1,195.35491414143613
3,531,920,2023-05-02 20:49:55,4,307.9127547593824
4,941,10,2022-11-28 05:23:54,4,693.312640884774
5,508,981,2023-08-15 20:07:39,4,503.06991310737527
6,197,311,2022-10-02 15:45:41,5,681.6957408373555
7,194,39,2023-02-10 08:28:18,1,85.29631431980431
8,803,622,2023-07-27 05:42:55,5,373.85982041178556
9,739,263,2023-01-07 22:57:36,5,198.73941150269923
10,340,35,2023-02-13 00:36:19,2,345.3678312499422
11,326,763,2023-06-14 08:11:00,5,379.70875438084255
12,577,911,2023-02-13 19:47:00,1,75.6118001959784
13,909,815,2023-04-01 07:25:15,2,91.45744398854562
14,829,222,2023-02-17 15:14:18,2,364.640449676242
15,963,234,2022-11-18 11:53:34,2,266.2935276051163
16,808,759,2023-02-07 08:55:45,2,92.32641631665106
17,131,416,2023-07-15 07:04:27,4,775.3703516197
18,282,101,2023-08-14 09:36:35,1,65.65685199043986
19,220,158,2023-07-20 01:56:23,5,999.4678617101171
20,602,688,2023-02-20 14:00:10,3,519.1060768600134
21,673,615,2023-06-13 12:48:49,1,189.2962274404428
22,186,535,2022-12-11 23:14:30,3,59.62271511577373
23,349,812,2023-01-25 05:15:20,5,559.1198696616713
24,848,509,2023-05-29 06:39:11,3,248.18793301008606
25,400,677,2023-03-05 14:20:42,2,331.29177602208773
26,793,162,2023-02-12 03:06:05,1,38.13197678468566
27,291,971,2023-02-21 01:53:57,4,722.4786643857632
28,27,549,2023-03-02 08:59:28,1,72.05711479907973
29,951,550,2023-01-04 06:45:02,2,119.0729440256446
30,481,396,2022-09-11 21:13:46,5,557.295120241481
31,33,950,2022-11-21 21:59:31,5,571.5256953408565
32,941,148,2022-12-15 01:50:20,4,145.79050949863483
33,641,748,2023-07-07 06:32:25,4,158.389470331611
34,30,670,2022-10-10 18:49:13,2,157.68798436822885
35,236,673,2023-07-27 22:33:52,5,171.56831493719028
36,94,198,2022-10-22 15:44:20,2,257.0407678482703
37,102,842,2023-03-07 06:39:11,4,664.0240067962502
38,880,98,2023-02-05 18:34:25,3,85.48581780012486
39,850,911,2023-07-20 04:45:26,2,390.9007718373272
40,165,353,2023-04-05 18:36:23,3,183.7406334717356
41,141,294,2023-04-06 09:04:06,3,34.77798084320396
42,542,443,2022-09-03 15:46:36,1,32.46759857296528
43,728,55,2023-02-20 12:28:52,4,740.765696904465
44,195,741,2022-09-02 21:13:38,2,147.69980743625968
45,114,586,2023-08-03 11:38:45,4,420.2128094734993
46,164,955,2023-01-27 23:34:52,4,309.34997464247544
47,173,177,2023-01-13 06:15:18,3,122.77180549123744
48,488,547,2023-05-02 17:23:23,2,45.68436730467498
49,466,799,2022-12-03 02:55:05,5,870.0971432905739
50,822,405,2023-01-11 18:06:12,1,100.27815582189004
51,711,52,2023-08-22 15:16:05,3,156.8710709196352
52,497,786,2023-07-23 22:53:33,5,229.8225568959292
53,551,599,2022-09-02 22:32:12,1,134.67716336439335
54,522,966,2023-07-04 00:45:28,2,254.1819754438385
55,610,664,2023-07-10 02:48:41,1,167.08304880373842
56,650,408,2022-11-23 11:51:48,1,85.89576188057818
57,990,145,2023-04-21 19:47:52,5,266.9259652711902
58,951,803,2023-01-29 19:50:05,3,561.0664220212808
59,428,804,2023-07-14 22:35:42,1,192.7965240382694
60,719,267,2022-10-27 23:58:07,5,565.4571409325446
61,289,717,2023-03-03 14:08:05,4,355.18842883436866
62,446,47,2023-03-16 08:35:57,3,439.5243819863698
63,160,241,2023-07-26 02:03:39,4,648.1455544269129
64,733,312,2022-11-29 06:38:21,2,259.65489156170906
65,158,599,2023-03-08 08:18:42,2,320.9489490632038
66,229,603,2023-06-04 13:34:50,4,658.0172873014919
67,974,17,2022-10-27 15:31:10,1,137.8234420630136
68,655,529,2023-02-15 19:32:42,1,20.495330264543625
69,618,808,2022-12-19 17:56:47,4,647.3626040040549
70,288,298,2023-04-03 01:38:21,1,85.80528627465226
71,872,782,2022-11-18 20:07:09,5,481.96382110779524
72,468,958,2023-04-09 22:27:14,5,528.9667136286141
73,254,831,2023-08-03 13:43:33,1,191.82120634310584
74,583,198,2022-12-26 23:36:49,5,891.4720103413908
75,241,761,2022-11-30 21:02:30,3,514.0321970216888
76,562,984,2022-11-30 17:00:30,2,163.57333683417525
77,359,866,2023-07-14 14:14:05,5,213.06875698312962
78,697,255,2022-11-22 04:08:37,1,32.69102956332006
79,575,237,2023-03-04 16:32:30,1,79.22321576301681
80,627,51,2023-07-23 09:25:03,1,168.3381865974036
81,277,496,2022-10-02 00:42:43,4,391.17375339357494
82,313,328,2023-05-14 14:04:34,3,415.4358346466272
83,912,217,2023-05-16 06:19:54,5,987.8512646250038
84,200,5,2022-09-24 11:12:17,5,146.15963046791802
85,631,771,2023-04-19 00:54:01,5,764.5311400997842
86,996,972,2023-01-10 04:23:01,3,248.8938348726819
87,580,867,2023-04-05 08:24:37,2,301.405185489309
88,22,1,2023-02-16 01:19:05,2,286.90760629718426
89,947,483,2023-04-20 17:33:04,3,46.11811901856076
90,250,771,2023-05-07 13:53:46,3,111.31730594671197
91,905,925,2023-02-24 15:17:33,1,70.04456493458727
92,897,698,2023-01-26 22:30:52,2,141.1738480242612
93,462,38,2022-09-12 22:30:58,1,196.74331349703178
94,864,796,2023-06-28 03:24:34,4,442.1466887277671
95,570,655,2023-07-09 00:50:07,5,986.6515777347128
96,968,670,2022-12-14 19:51:54,2,162.53121815081693
97,171,1000,2022-12-24 13:31:07,1,160.65905131838718
98,899,864,2023-07-22 12:52:22,1,146.76159999136232
99,950,652,2023-05-12 19:51:07,1,51.71282623622398
100,534,97,2023-03-04 12:10:00,5,125.21045392442466
101,398,503,2023-04-22 07:38:21,1,167.38302425399658
102,800,447,2023-01-07 05:26:26,4,638.1412318846968
103,502,829,2023-08-01 03:57:43,3,596.8370984343189
104,595,315,2023-01-13 20:39:30,3,118.18891492896046
105,282,340,2022-12-13 05:54:53,2,27.468153795262378
106,67,7,2023-04-24 05:11:25,3,250.5868171619105
107,193,744,2023-05-08 09:57:21,5,551.151872110257
108,988,43,2023-03-01 18:49:10,4,41.11150285908116
109,385,832,2022-10-23 11:27:03,1,117.034676789233
110,930,953,2023-05-17 06:33:37,3,444.90970290466805
111,58,912,2023-07-20 18:03:34,2,324.50419680692596
112,92,864,2022-09-20 08:41:27,5,464.9927755643955
113,91,990,2022-10-07 11:25:59,2,372.36452333497436
114,671,815,2023-05-04 12:30:58,4,730.67938477242
115,92,62,2023-01-07 21:32:35,1,24.509369187963255
116,91,750,2023-03-11 16:44:23,1,75.52102664233529
117,750,990,2022-09-06 12:36:29,4,42.14514594730542
118,543,680,2023-06-26 20:47:41,5,211.0653766389491
119,741,96,2022-12-22 22:33:46,3,39.633607447824296
120,718,896,2022-10-17 07:52:45,2,69.76153227003908
121,441,536,2023-03-26 05:17:19,3,392.8473656223769
122,28,908,2023-02-08 16:37:09,5,960.8609620692556
123,947,199,2023-02-03 11:02:18,2,214.02176247643447
124,934,296,2022-08-28 11:27:33,3,354.4309999737232
125,668,716,2023-05-31 03:25:36,3,348.23176652516423
126,514,574,2023-03-06 19:11:58,1,190.3594199046509
127,828,148,2023-02-12 00:47:45,3,173.14484072065952
128,245,622,2023-05-13 20:26:42,1,13.77967165094255
129,91,923,2022-10-25 22:47:15,3,357.21021872120053
130,892,507,2023-03-28 00:13:50,5,620.7777210197164
131,286,190,2023-01-27 12:31:33,4,244.10651073979216
132,33,484,2023-01-04 02:00:51,4,747.2851495240274
133,814,680,2023-08-03 05:55:46,4,90.70663198147201
134,816,328,2022-12-17 22:25:01,5,398.8456554701704
135,474,520,2023-07-01 03:41:37,5,282.5964230282593
136,277,887,2023-07-24 00:35:49,3,94.17964981379608
137,767,362,2023-06-12 01:39:45,5,308.9488227991451
138,901,740,2022-11-01 18:28:34,1,64.12635630840691
139,877,933,2023-08-14 12:45:51,1,185.4463528787503
140,843,864,2022-10-04 22:22:48,3,145.03496471744637
141,157,29,2023-05-29 17:05:18,4,630.9022323082896
142,355,928,2022-10-13 17:16:59,1,121.62700068940333
143,399,662,2023-06-08 11:41:16,1,184.25605815380794
144,254,149,2023-02-10 02:04:06,4,242.61228792251597
145,893,235,2022-12-11 00:27:30,3,416.07989540308074
146,898,295,2022-09-20 09:02:40,3,71.6607669269924
147,818,902,2023-03-18 04:19:18,1,37.318938622882186
148,641,300,2023-05-19 12:14:33,4,175.72133108851668
149,753,534,2023-07-19 18:35:29,1,147.95780813289164
150,852,836,2023-02-10 00:34:28,2,369.2976791355529
151,958,254,2023-07-24 01:52:44,2,205.25774339923086
152,729,599,2022-09-14 22:21:57,5,994.1969378825594
153,883,444,2023-01-13 03:26:25,3,56.96569671178238
154,519,345,2023-03-29 19:24:17,1,111.63662715865662
155,532,195,2023-02-10 06:47:41,1,128.2800185690637
156,433,368,2022-10-13 05:00:47,4,371.7440513859683
157,955,633,2023-02-15 21:11:48,3,55.6059425590672
158,378,72,2022-10-09 09:27:33,2,116.00929103053524
159,448,745,2023-01-26 18:04:44,3,203.55437054177185
160,281,468,2022-11-24 05:50:23,5,873.2070990856
161,647,741,2022-10-04 08:42:49,1,64.33947074684292
162,826,280,2023-03-29 00:24:12,4,464.81266171042336
163,748,628,2023-07-21 16:57:25,5,831.4960449202451
164,874,763,2023-04-26 14:45:15,4,395.17377681570565
165,100,553,2023-05-21 22:24:37,4,200.3670687185443
166,138,409,2023-06-12 16:31:51,4,215.93354436920652
167,655,625,2022-10-13 15:10:16,3,96.16070374846753
168,140,591,2023-07-15 20:46:43,2,55.32802531639423
169,941,535,2022-10-24 06:05:04,5,881.5404958040253
170,634,491,2023-04-26 07:50:00,5,297.21610810014636
171,344,309,2023-07-27 05:20:32,2,226.63855690554755
172,586,915,2023-06-15 03:53:30,1,73.28320976186632
173,523,60,2022-10-24 14:23:35,1,142.40966225076178
174,450,338,2023-08-10 17:01:57,4,196.06107882895466
175,892,36,2023-05-16 22:33:15,4,435.0340102303379
176,509,885,2023-04-03 01:42:41,4,535.0850622732507
177,553,407,2023-04-28 17:14:37,2,373.27628485920184
178,212,385,2023-01-04 00:06:41,5,920.9223057514736
179,593,725,2023-02-07 14:52:21,3,188.74607899011156
180,330,105,2022-11-19 23:43:15,2,316.4095439607782
181,233,647,2023-08-02 07:34:59,1,144.33621419601118
182,524,645,2023-02-17 11:40:48,5,900.4661212214833
183,433,170,2023-07-05 09:10:14,1,154.1734836489765
184,938,625,2023-03-17 01:35:22,1,160.89813586626275
185,617,795,2022-09-18 10:53:32,2,353.66277990922197
186,573,495,2023-06-11 02:51:05,1,93.6635688826714
187,247,275,2023-05-08 07:56:14,5,446.61262954479474
188,4,515,2023-07-29 08:14:45,2,208.0468609352946
189,429,597,2023-04-20 02:04:22,3,31.156911925634233
190,204,645,2023-04-29 12:26:09,3,407.9985148835452
191,254,225,2022-08-29 05:35:18,5,309.05808911218537
192,881,107,2022-09-02 14:36:50,1,91.96708293088201
193,402,353,2023-04-26 08:26:01,4,275.9063767009844
194,651,284,2023-01-11 08:57:45,3,276.34855126892285
195,598,228,2023-03-14 01:31:29,2,138.2206620476985
196,749,208,2023-02-25 06:43:10,1,142.25265337334906
197,972,121,2023-03-08 06:09:46,4,394.93032662307365
198,840,579,2023-06-24 04:00:08,3,228.23632513120492
199,900,203,2022-09-09 14:25:57,5,977.7272342814284
200,149,569,2022-10-03 06:04:05,3,287.3106421371382
201,824,310,2023-02-03 03:43:28,5,109.34308282418492
202,920,830,2023-07-18 07:31:34,4,589.0711140955992
203,218,961,2023-04-04 05:15:41,1,119.56072141327179
204,999,713,2023-01-04 23:36:04,3,336.6475504634929
205,580,918,2023-07-22 18:26:49,5,173.7748784848209
206,540,243,2023-01-22 10:54:13,2,187.0020973808215
207,214,320,2022-12-11 18:58:25,1,183.51571402281
208,462,911,2023-05-29 17:44:36,1,64.26793787457434
209,212,66,2023-06-03 13:05:29,3,373.8510823927161
210,35,213,2022-09-10 13:42:29,2,33.94225422267379
211,568,780,2022-08-29 12:15:10,4,716.9894758211328
212,192,484,2023-02-02 10:51:46,2,199.40430690297313
213,631,801,2022-10-13 22:21:03,3,567.6998964431901
214,689,744,2023-04-09 14:19:18,2,309.0073415972538
215,591,37,2022-09-06 04:06:57,1,116.95971832696816
216,943,452,2022-11-26 15:33:22,2,309.3848661585226
217,273,71,2022-09-06 11:20:25,5,517.9372658494254
218,817,79,2022-08-26 12:54:32,3,564.2183193077068
219,225,543,2023-05-08 10:53:18,2,42.183765376777494
220,696,191,2023-06-19 09:38:29,3,340.92967834053934
221,690,647,2022-08-29 21:58:58,1,171.29708320656712
222,749,560,2023-05-20 00:07:54,4,412.7631390635611
223,100,408,2023-01-01 07:20:32,2,237.39885686641992
224,377,52,2023-03-21 04:44:23,1,68.26549698414286
225,585,605,2023-05-19 15:49:17,1,91.88735774504727
226,757,670,2023-08-08 18:21:21,2,280.93505450391535
227,971,989,2023-03-29 07:40:31,4,508.0294997777709
228,368,621,2023-08-02 00:39:52,4,323.1576994751769
229,253,929,2023-02-22 12:30:37,3,425.35045858695446
230,498,569,2022-11-18 10:13:54,1,37.0724681901866
231,894,286,2023-04-21 01:04:52,5,355.34488514184045
232,154,423,2023-06-22 18:41:34,3,442.6908837909014
233,586,184,2023-02-27 06:14:33,3,234.5271849371126
234,976,283,2023-04-29 15:49:35,3,99.46385770187341
235,232,459,2023-08-24 17:14:24,5,425.25463213567923
236,64,787,2022-09-24 07:46:12,1,178.25417317601799
237,858,188,2023-04-21 18:15:59,5,119.97483824619263
238,720,344,2023-01-10 17:33:05,2,59.83906764483158
239,750,479,2022-11-15 11:30:04,3,587.3724715319439
240,588,309,2023-07-25 07:18:04,3,483.59947822019546
241,846,681,2023-05-29 05:44:17,1,33.71430314779191
242,834,422,2023-08-16 09:25:02,3,330.3155239907418
243,981,175,2022-11-14 18:45:28,2,22.1873971218889
244,287,783,2022-09-05 16:12:56,1,164.67843246803238
245,884,460,2023-06-24 21:34:13,4,528.4963121505033
246,573,977,2023-08-01 22:17:14,2,219.64219506171486
247,730,532,2022-09-16 06:15:28,1,169.09607517102708
248,257,631,2023-03-17 04:38:41,1,67.31232005779266
249,416,868,2023-05-20 02:44:45,3,88.086137377053
250,116,395,2023-03-08 22:15:53,2,375.833693813594
251,821,475,2023-07-28 20:50:45,4,176.73287162985025
252,327,280,2023-02-09 01:17:12,5,637.947026294051
253,657,670,2023-01-26 22:05:08,5,756.595466277289
254,807,554,2023-01-26 17:55:05,1,192.28139447165663
255,902,12,2022-09-14 12:18:21,3,467.5732440593529
256,927,447,2023-01-14 01:58:11,2,383.6366994647755
257,628,160,2023-05-26 20:53:59,2,342.87025605146914
258,193,595,2023-07-17 15:59:03,4,153.38477990555992
259,487,744,2023-02-05 01:43:10,5,634.1794461341754
260,308,811,2023-04-02 09:56:27,1,38.69680903775777
261,287,951,2023-04-16 00:15:20,5,483.8879888256606
262,634,145,2022-12-17 12:45:12,3,47.583961886368144
263,783,169,2023-04-14 15:46:38,1,18.600049496155933
264,168,490,2023-06-12 06:26:15,4,584.2273799219743
265,878,38,2022-12-05 22:14:13,1,70.46813440455773
266,102,494,2023-03-03 00:41:37,3,558.7516810488096
267,340,332,2023-04-29 04:54:21,5,533.4419747013968
268,990,253,2022-11-23 02:44:23,5,537.8299641629086
269,991,401,2022-10-29 21:24:55,1,32.42283108589395
270,250,605,2023-02-28 06:47:45,2,47.951543937903466
271,595,597,2023-03-01 20:28:34,3,249.9670641115389
272,296,324,2022-10-14 14:44:15,1,70.77055066205932
273,104,847,2023-01-11 07:03:35,5,292.12968246349885
274,764,71,2023-02-16 21:08:51,5,744.118657380098
275,724,946,2022-09-08 21:32:54,2,170.04023640587855
276,310,470,2022-10-04 04:03:45,4,185.5420271615666
277,177,76,2022-10-08 16:29:07,3,574.3747972240833
278,90,169,2023-06-24 04:32:23,4,798.6013969564613
279,927,850,2022-12-23 12:41:31,4,499.1127451407646
280,986,132,2023-06-08 08:53:28,3,193.12137576120975
281,926,962,2023-07-17 14:21:19,2,167.30913504749222
282,211,309,2023-05-10 14:28:32,1,49.996702513530046
283,388,362,2023-03-29 09:51:41,5,815.9803188885779
284,154,962,2022-10-28 04:34:05,1,112.44643796273341
285,250,612,2022-12-18 15:00:32,1,187.60614092842414
286,226,636,2022-12-05 12:20:47,5,629.5580987953176
287,885,415,2022-11-09 06:21:48,4,358.3923091151901
288,801,385,2023-04-21 12:26:07,1,137.37462478338847
289,281,50,2022-10-02 23:52:34,4,284.55100259267374
290,138,459,2023-02-19 04:31:37,2,215.6007005804108
291,985,277,2022-09-11 15:39:37,1,181.21447352404385
292,944,378,2023-05-17 16:43:53,1,121.5304684905532
293,786,246,2022-11-25 04:59:03,2,69.77054403632269
294,724,703,2023-03-09 18:32:08,2,218.36044702197177
295,339,467,2023-02-05 06:23:38,3,131.77603113576578
296,20,117,2023-03-01 09:42:46,5,609.0446560617847
297,783,89,2022-11-03 00:07:49,5,427.9132047441667
298,338,131,2022-10-05 03:21:54,2,308.5076925606693
299,858,259,2023-08-09 11:23:18,3,90.57956822012954
300,924,409,2022-11-27 05:56:36,1,28.775246858103213
301,419,771,2023-02-26 06:21:01,2,291.7315953471178
302,934,951,2023-02-16 00:33:26,4,490.20034253464644
303,274,862,2023-04-30 16:45:36,4,698.1433930711829
304,662,782,2023-07-02 04:46:42,4,709.3733618671821
305,774,936,2023-07-11 05:34:26,1,197.48936210080637
306,562,660,2023-06-20 21:29:40,3,43.965601417573595
307,748,483,2023-02-09 17:58:09,2,281.9590001053961
308,999,729,2023-08-04 08:18:49,5,908.98577584319
309,607,518,2022-09-10 15:23:47,4,703.2320858767084
310,154,691,2023-07-16 07:51:42,3,409.5990312607757
311,960,866,2023-05-01 00:16:49,2,384.6581553794441
312,207,235,2022-08-30 22:12:38,2,35.60094256859287
313,317,635,2023-08-16 23:51:19,3,502.69425120290015
314,102,8,2023-05-19 14:05:26,5,416.50450162385096
315,246,571,2023-07-27 22:22:35,1,47.1259051527595
316,235,89,2022-11-22 11:03:43,3,68.30245569604692
317,940,361,2022-10-05 17:42:02,4,743.4546373839438
318,522,263,2023-08-19 18:17:02,5,241.58659800441012
319,609,286,2023-04-11 00:40:21,3,191.65432706311006
320,28,198,2022-09-13 02:40:15,4,436.4496627380085
321,662,531,2023-08-09 09:48:05,1,148.08276590100942
322,365,484,2022-12-08 16:55:13,5,265.10615528794034
323,556,625,2022-09-17 21:36:52,5,754.2021087519859
324,670,717,2023-08-06 07:02:38,4,788.7822472891625
325,520,202,2023-02-06 03:57:42,5,951.4481452996297
326,985,518,2023-02-06 17:17:28,5,306.22119527778784
327,80,906,2022-11-14 13:18:13,5,341.7917591072155
328,671,602,2022-11-30 07:00:42,2,324.274829849961
329,344,624,2023-03-04 10:07:55,2,301.6748765811994
330,318,963,2023-08-09 21:37:15,3,551.0871423098583
331,200,391,2023-07-12 13:12:57,1,39.73754460883863
332,562,635,2023-07-05 11:33:59,3,401.8810688793198
333,755,910,2022-09-29 11:03:57,5,256.88137328457367
334,370,53,2022-11-28 04:52:34,2,130.47363109718185
335,440,931,2022-09-06 04:22:24,5,642.2088405323495
336,85,847,2023-07-22 01:02:48,3,422.3907393339244
337,801,958,2022-10-01 20:48:20,3,267.90593029096493
338,846,671,2022-11-24 07:19:57,1,91.05156644318228
339,230,967,2023-06-21 18:35:06,3,94.77047168541644
340,985,312,2022-10-01 01:52:17,4,743.2238398784338
341,354,938,2023-07-15 21:55:54,2,160.1023396313597
342,277,255,2022-09-16 14:08:20,3,233.94687444052587
343,35,732,2022-10-05 03:43:55,5,866.7791241423636
344,177,745,2022-12-24 05:08:18,3,580.7519620798735
345,802,544,2023-08-02 09:15:09,5,952.240617758343
346,736,445,2022-09-05 19:16:06,2,31.615425942027542
347,636,999,2023-05-03 05:46:04,2,153.73917838596097
348,498,321,2022-09-20 15:55:10,3,465.637450778995
349,467,981,2022-11-22 04:52:38,3,331.2272890301577
350,706,919,2022-12-09 13:59:05,3,352.1807999998259
351,134,760,2022-11-17 13:44:27,2,369.63000872742407
352,773,959,2022-12-10 18:17:03,1,141.6597711037745
353,470,475,2023-06-14 19:28:28,2,47.04309993942039
354,143,603,2022-09-24 23:43:53,3,395.89829879132463
355,126,947,2023-01-05 10:15:38,5,573.1997560699757
356,881,40,2023-01-19 00:12:58,4,474.7461747677773
357,713,11,2023-05-07 11:00:47,3,167.94942652613568
358,690,856,2022-10-30 18:11:28,1,80.86058525521315
359,710,610,2023-02-11 12:49:47,2,114.85749232406702
360,229,161,2022-10-11 03:58:11,3,423.27200408493803
361,738,135,2023-08-02 19:38:05,2,143.01324863926067
362,524,942,2023-07-21 03:13:20,2,205.75557982463363
363,412,123,2023-04-23 16:34:43,1,105.73965254604131
364,932,949,2023-08-25 06:40:32,4,409.12257227171915
365,228,646,2023-01-10 08:51:13,4,582.9540083659091
366,649,99,2023-03-24 16:19:22,3,153.9114607795246
367,464,734,2023-03-04 12:32:17,2,186.75357625684242
368,192,642,2023-02-18 00:02:27,5,325.67237595562204
369,68,134,2023-05-08 22:22:23,4,182.2327746894626
370,838,307,2022-10-27 09:38:14,5,574.7199470354213
371,440,689,2023-02-08 01:07:18,5,381.55189010341803
372,348,819,2022-12-28 07:21:35,3,570.9397899148291
373,461,922,2022-11-24 11:59:09,4,549.1612384623639
374,75,153,2022-10-16 01:45:09,1,74.9790658440813
375,956,737,2023-08-11 04:32:43,1,83.65122518214575
376,24,941,2022-10-26 00:46:45,2,59.779481901309126
377,497,383,2023-01-13 07:46:12,5,981.5561971756172
378,491,859,2023-04-06 06:03:25,3,428.9205334818939
379,157,119,2022-10-29 01:49:23,1,61.191657991768
380,677,480,2023-04-19 00:31:35,1,158.494233159852
381,349,217,2022-10-11 02:48:32,4,728.0702461044787
382,925,148,2023-04-26 20:43:35,4,365.97668015627545
383,135,347,2022-10-25 22:32:12,5,453.07254915949494
384,869,390,2023-06-17 01:29:10,2,265.0504022144471
385,922,96,2022-09-09 23:32:42,5,365.09707966948974
386,459,226,2023-01-28 20:07:10,4,627.819696795593
387,670,940,2023-04-25 13:24:14,1,71.09930992697338
388,229,360,2023-01-29 23:16:04,1,74.73012253184436
389,376,45,2022-11-19 19:19:41,3,90.37504392386023
390,69,507,2023-03-28 01:27:00,2,265.07173859444913
391,382,141,2023-07-10 10:11:42,2,162.70316491560658
392,314,906,2022-09-19 20:12:18,3,508.5460602513601
393,613,920,2022-11-15 06:02:37,1,66.53462307787555
394,232,123,2023-03-25 12:54:46,5,194.7014971946598
395,869,360,2022-10-17 01:32:16,2,151.6442297885985
396,567,844,2022-10-26 17:07:49,5,614.546029772468
397,801,351,2023-04-07 22:39:15,5,902.0638985237821
398,690,817,2023-07-21 11:38:13,3,487.57196311801505
399,718,85,2023-01-10 21:46:08,1,97.46107726327341
400,221,439,2023-05-01 07:01:46,5,286.2166268505306
401,25,737,2023-01-06 15:56:15,2,162.81897715069195
402,2,330,2023-06-21 14:20:53,1,172.8229229248337
403,778,975,2022-11-01 21:02:19,3,47.40205828255603
404,842,189,2023-01-07 18:23:22,1,122.78629346596868
405,688,508,2023-01-22 20:22:38,4,443.8655111594166
406,342,192,2023-08-17 02:55:14,5,365.9705717979787
407,775,348,2023-08-03 16:10:59,3,45.748058548716564
408,454,724,2023-05-19 19:53:29,3,562.1384827506888
409,748,764,2023-02-26 14:47:03,1,108.79099503742377
410,181,839,2023-06-06 10:13:41,2,292.2694720568453
411,687,750,2023-01-07 23:26:39,4,248.0887843645623
412,370,229,2022-09-06 09:27:15,3,599.0042830275686
413,56,66,2023-06-24 21:42:34,1,95.14948491026067
414,205,420,2023-06-06 12:10:35,2,378.65229831577784
415,985,859,2023-04-14 15:23:33,5,617.2145484324558
416,58,341,2022-10-03 01:06:28,5,229.74399482021408
417,487,211,2023-03-20 02:12:14,2,70.10818379811514
418,966,257,2023-03-04 23:57:05,3,554.5709034478714
419,307,71,2023-05-24 04:05:46,1,153.54068784450254
420,176,650,2022-10-13 01:29:31,2,280.9861408670041
421,514,804,2023-05-29 18:09:29,1,185.44455520488793
422,372,630,2023-06-15 10:07:24,5,212.72249579856663
423,296,360,2023-02-05 13:45:16,2,44.74425627705434
424,633,823,2023-05-16 22:39:56,3,374.12652560931633
425,897,636,2023-04-16 21:57:31,1,39.07595612575043
426,370,960,2023-08-03 06:45:24,5,572.0636034175501
427,295,345,2023-07-14 22:27:01,5,541.5056246244039
428,452,893,2023-03-13 03:40:00,2,194.55329927153838
429,766,358,2023-07-17 02:03:05,2,72.56073638030816
430,954,95,2023-03-19 02:47:52,1,52.12682231445256
431,186,921,2023-06-22 14:02:35,3,241.7915760278929
432,827,809,2023-03-27 22:34:48,5,154.08158279915128
433,894,607,2023-03-31 02:33:02,3,369.996015268114
434,186,673,2022-10-07 14:56:24,3,42.62063134937685
435,765,899,2022-08-26 16:37:36,2,255.4428439402665
436,247,741,2023-01-17 19:11:41,5,642.4269278444981
437,130,974,2023-02-07 22:18:07,2,112.30591839970444
438,568,300,2022-10-31 10:24:59,4,193.04883481303807
439,665,457,2023-06-29 13:15:25,2,229.53883760697965
440,126,432,2022-12-01 03:11:54,3,286.74032644150776
441,917,669,2022-12-16 21:17:44,5,744.5587295826193
442,551,234,2023-06-24 19:35:51,4,52.31328522366917
443,284,104,2023-06-18 23:15:24,3,279.2065588475714
444,678,949,2023-02-05 06:50:32,5,809.6581462259212
445,793,851,2023-02-14 11:08:12,4,689.3296002336291
446,904,528,2023-03-14 06:36:24,3,59.83853444113925
447,220,839,2022-10-22 06:31:47,2,42.466297648403184
448,703,657,2022-08-26 21:50:36,1,40.68857813874145
449,541,484,2023-01-06 22:50:24,3,172.76030415894226
450,528,173,2023-03-08 02:46:45,1,62.66552156612619
451,784,308,2022-11-05 00:48:28,1,18.13503251069144
452,926,858,2023-04-09 18:51:00,2,77.2150386885708
453,233,111,2022-10-28 07:32:21,4,170.34657508972353
454,437,381,2022-09-17 08:18:58,2,234.01318167997687
455,83,135,2023-02-18 01:01:28,5,411.06685987010536
456,678,317,2022-10-02 15:00:41,4,99.36873477490228
457,394,80,2023-02-11 04:56:47,1,26.456885795782547
458,705,107,2023-04-02 03:13:00,2,203.46623712239293
459,88,114,2023-07-16 02:03:03,2,314.23075544173855
460,760,5,2023-08-08 11:52:48,2,256.1709707625106
461,964,627,2023-07-05 13:20:11,5,489.3849357193985
462,439,319,2022-11-07 13:20:40,4,556.8541415199102
463,505,782,2022-10-01 02:47:16,2,54.66603145230333
464,694,412,2022-11-17 13:55:25,1,57.23038388491551
465,381,780,2022-08-30 23:35:29,1,122.57943482115681
466,457,969,2022-10-24 12:08:01,4,533.9123717637347
467,994,5,2023-03-25 13:00:04,2,325.2221613392533
468,453,826,2023-01-25 01:40:26,1,152.75024524904455
469,978,537,2023-05-16 05:09:57,5,548.8304235771491
470,126,393,2023-03-02 11:07:03,1,145.51197828774352
471,508,571,2022-11-02 11:49:21,3,344.64983886286325
472,265,651,2023-08-17 18:56:52,4,253.5098525522286
473,36,933,2023-06-25 10:53:24,5,693.0061635034533
474,434,519,2023-08-18 20:03:40,1,178.78046912305305
475,34,144,2023-06-21 17:07:35,3,246.52848679198908
476,836,654,2023-06-10 20:09:48,5,985.707270318484
477,511,362,2022-09-30 23:12:43,1,107.47052053094131
478,393,422,2023-05-22 16:55:52,2,52.729154640280015
479,120,292,2023-01-01 16:47:30,1,191.9621402121845
480,762,612,2022-09-04 23:19:36,3,150.53325116241587
481,500,105,2023-03-29 06:21:07,5,444.3416262573325
482,984,883,2022-09-30 20:40:54,1,14.307482750358982
483,220,682,2022-09-10 15:21:32,4,496.2682130208136
484,715,649,2022-09-04 20:31:00,1,149.16399966292826
485,386,640,2023-02-12 05:18:54,3,348.23894936498243
486,916,628,2022-12-02 05:10:38,2,313.44323185981864
487,683,534,2023-03-05 09:39:20,5,274.95859538326846
488,150,120,2023-06-15 00:38:06,1,139.61314427821074
489,989,621,2022-12-21 14:40:20,3,427.0014788890136
490,888,667,2023-03-14 07:13:09,5,828.4267177067136
491,565,40,2023-03-19 05:02:17,4,349.2659089412431
492,492,431,2022-10-26 01:25:07,1,48.66819441969961
493,605,269,2022-12-24 20:20:42,1,189.11279428589202
494,159,218,2023-07-18 00:31:47,1,96.1181923085824
495,954,117,2022-10-07 18:52:55,1,126.98746374517428
496,908,691,2022-09-13 08:50:42,2,86.38289365495305
497,334,781,2023-05-25 09:06:12,5,259.98705879373216
498,628,718,2023-05-05 02:01:27,4,73.88559349024897
499,307,754,2023-04-14 07:39:11,4,553.6825821861239
500,571,341,2022-11-25 15:30:35,2,259.1316902786476
501,996,887,2023-07-02 03:57:48,2,206.4270908705797
502,523,557,2022-11-06 22:55:38,3,491.0172728014004
503,243,554,2023-02-01 06:03:50,4,500.1368531139162
504,556,659,2022-11-03 17:37:05,1,86.84566239447707
505,712,762,2022-12-01 22:02:55,5,488.348760776168
506,255,932,2022-11-09 21:12:37,4,371.73153770307437
507,761,28,2022-10-26 23:49:06,5,206.80402519532515
508,503,346,2023-01-05 07:10:27,5,402.7895465827066
509,656,640,2023-08-10 22:22:34,1,27.374437123933454
510,78,521,2022-12-25 06:19:58,4,666.5658709449357
511,323,465,2023-01-05 04:39:23,1,68.74451335912195
512,92,175,2022-08-30 21:08:47,4,754.5826582322485
513,476,525,2023-01-05 09:37:31,1,21.008056118502147
514,284,564,2023-02-07 09:04:11,4,460.05424379646695
515,542,707,2022-11-11 15:39:37,5,122.79697610670803
516,169,418,2023-03-03 04:46:28,4,653.157556182809
517,550,206,2023-08-02 19:25:14,3,224.21843051668213
518,1000,137,2022-11-10 06:46:08,1,75.02208913708841
519,758,170,2023-08-17 01:47:46,4,325.3359208714457
520,191,89,2023-07-19 11:06:28,3,125.79025328361956
521,319,512,2023-07-26 18:10:20,5,549.5099918338494
522,683,828,2023-04-27 08:02:13,5,891.3754628537913
523,490,758,2023-03-13 16:34:45,5,435.7358565280074
524,139,354,2023-03-12 13:27:25,4,316.3945036574265
525,748,322,2023-02-15 22:34:05,2,331.0054729231717
526,85,200,2023-04-21 13:54:38,5,747.1203790955882
527,371,226,2023-05-31 23:27:29,5,217.48602454768263
528,757,668,2023-08-01 03:08:20,1,171.10924398722335
529,441,611,2023-02-26 10:43:15,1,73.88219376549091
530,375,27,2023-02-21 20:13:14,4,462.28862601772346
531,68,69,2023-03-31 10:22:19,5,214.00562649928582
532,951,360,2023-02-23 04:02:52,2,232.47359606380127
533,218,762,2023-01-19 15:01:57,5,812.954817892852
534,465,506,2023-01-31 12:11:50,5,245.43346064848419
535,756,28,2023-03-18 04:27:24,4,161.26549625906262
536,246,72,2022-09-28 11:32:35,4,762.9298846205056
537,217,715,2023-07-21 13:15:28,5,179.53888530965406
538,213,317,2023-03-08 12:37:24,5,662.3045910903016
539,520,790,2023-07-18 15:25:10,1,188.47277593841062
540,768,44,2023-03-10 18:48:50,5,270.70808866587106
541,7,645,2023-07-17 19:43:39,2,41.770455031082506
542,85,770,2023-01-22 14:49:26,2,259.9735483536748
543,933,479,2022-09-08 09:45:08,5,719.6094270276476
544,119,731,2023-02-18 11:50:57,4,526.3458363311877
545,161,340,2023-04-10 22:53:36,5,340.51375871584753
546,107,659,2023-08-15 07:29:59,3,420.7151538680888
547,514,360,2023-02-20 20:55:43,2,299.9254885160322
548,57,844,2023-07-06 15:24:47,4,695.7315196902712
549,163,413,2022-12-18 12:30:17,3,439.1838643358411
550,908,198,2023-01-19 05:06:42,2,394.4657362733442
551,650,70,2023-07-24 13:38:29,1,123.83524095526451
552,335,137,2023-05-06 08:26:48,5,496.8630086005526
553,860,344,2023-06-30 12:44:26,5,922.8079192567786
554,192,846,2023-08-17 09:49:03,3,316.78692546456256
555,417,285,2022-11-05 03:32:58,3,298.70570514719725
556,31,771,2023-08-17 22:16:19,4,792.9008084227254
557,26,848,2023-05-07 17:12:22,3,528.274809770246
558,985,447,2023-07-05 11:20:09,5,956.108249197696
559,576,51,2023-01-03 16:01:30,4,363.4921427615632
560,436,98,2023-02-11 10:37:35,1,125.05511552899095
561,937,368,2023-03-08 08:46:24,5,363.0315407547542
562,665,260,2022-09-27 16:33:26,5,574.8444445196042
563,876,296,2023-04-26 03:12:08,5,498.123540295892
564,382,569,2023-04-28 13:29:44,3,143.64911972776966
565,447,415,2023-08-05 20:20:25,5,795.1976166331416
566,808,804,2023-06-01 02:14:26,3,264.93398762639174
567,442,184,2023-08-06 07:10:37,1,160.56426644724536
568,595,825,2023-05-29 02:38:22,2,143.67367532614134
569,785,917,2022-09-13 20:25:57,4,630.1323686762956
570,439,957,2023-06-29 08:22:06,1,60.79082388658192
571,440,166,2022-08-26 22:14:26,2,224.63653688555908
572,389,354,2023-04-05 21:39:31,4,599.0839190762483
573,744,942,2023-01-10 17:03:01,1,97.51020340089585
574,261,773,2022-10-27 02:41:15,5,209.30616976974193
575,315,397,2023-07-30 22:36:48,1,192.86449675298618
576,925,799,2023-07-22 11:33:41,2,73.30037997446954
577,409,738,2023-06-06 15:19:05,4,329.6212340293324
578,528,15,2022-10-21 03:05:58,5,505.2036821962005
579,890,410,2022-11-21 13:07:56,4,279.12482559118786
580,792,557,2022-09-02 02:04:05,3,361.07584207812397
581,859,650,2023-06-12 03:02:54,2,273.2813047351891
582,74,980,2023-03-28 21:32:39,2,187.88148212023717
583,330,272,2023-07-13 22:59:18,2,172.19267029590478
584,822,51,2023-06-07 01:19:13,1,154.09924034654443
585,100,745,2023-01-01 11:26:19,4,585.7053042665174
586,432,630,2022-09-13 20:44:25,5,298.43404329928484
587,218,385,2023-08-22 11:04:24,3,152.93057185246263
588,447,518,2022-11-28 01:57:29,5,235.55594516056368
589,46,215,2022-11-29 00:08:05,3,182.4398296723401
590,535,451,2023-06-23 20:21:41,4,614.5970691632573
591,837,242,2022-10-12 15:52:13,1,129.08944806714248
592,586,956,2022-11-14 12:27:04,4,508.3657851248842
593,353,516,2022-12-28 05:05:36,5,631.6330607280231
594,700,184,2023-07-22 14:15:34,1,124.50666397354867
595,852,883,2023-02-17 08:36:21,4,590.8297208884928
596,294,162,2023-07-13 07:40:07,3,442.20662694172097
597,67,415,2023-01-13 09:42:13,3,417.5618301886202
598,277,485,2023-03-30 18:08:50,3,200.5360973378481
599,37,315,2022-08-29 20:12:44,1,96.47214844847898
600,559,804,2023-04-24 09:48:45,2,258.3149545257544
601,704,142,2022-11-28 23:49:20,4,780.0321539869227
602,352,500,2023-02-14 20:35:37,1,100.24185003701056
603,359,580,2022-12-23 19:30:29,3,417.9436063038977
604,157,198,2023-01-10 00:30:24,1,124.66767305529649
605,924,210,2023-03-21 13:14:53,1,173.08307815001274
606,831,429,2022-10-28 08:48:27,3,180.68622719082515
607,804,587,2023-04-20 04:56:48,4,253.1488583675468
608,667,673,2022-12-16 04:14:08,5,489.4213948369008
609,755,419,2023-06-22 18:40:46,4,540.1900914598732
610,697,140,2023-01-03 21:20:50,5,993.8738988431486
611,962,197,2022-09-18 16:48:01,3,155.1803924449124
612,405,503,2023-06-06 06:50:13,1,38.83649820285316
613,435,7,2023-07-27 22:53:40,1,84.45664060295593
614,965,491,2023-06-16 05:15:23,1,104.23592971757765
615,806,653,2022-09-21 11:22:55,5,406.1597744420304
616,976,718,2023-06-26 21:59:46,5,361.62015005463417
617,403,926,2023-01-31 08:00:24,2,83.1358548913738
618,664,228,2022-11-24 18:26:09,1,71.70909972964546
619,47,579,2023-01-30 21:04:09,4,796.483975910326
620,806,617,2023-05-26 23:02:50,4,410.294587275285
621,223,174,2023-05-27 07:56:12,5,302.9277288914891
622,279,852,2022-08-31 12:13:11,2,350.6422245721678
623,528,141,2022-10-29 07:57:36,5,505.6741857946598
624,97,796,2023-01-17 04:36:41,3,435.65366787432146
625,883,551,2023-06-02 10:32:01,3,170.40683139389662
626,589,890,2023-06-14 05:37:52,2,227.69428287553262
627,668,945,2022-10-06 11:28:29,2,221.18593711167142
628,956,608,2022-12-31 03:17:32,1,52.03919914254609
629,457,509,2023-08-05 03:42:50,5,445.32357963976403
630,832,24,2023-07-25 05:03:37,2,112.1405909030038
631,795,787,2023-01-05 10:53:31,5,610.7290372202846
632,399,133,2022-12-06 00:44:39,2,118.40967244075584
633,859,771,2023-01-14 05:26:46,1,148.09734055175431
634,837,88,2023-05-25 05:17:51,1,84.21094112086996
635,662,190,2023-07-26 22:53:49,1,75.14277997933938
636,993,149,2023-06-30 08:59:23,1,164.70010649785834
637,335,313,2023-03-12 07:08:57,5,999.4617945168518
638,129,713,2022-10-17 13:20:24,5,651.9254449461589
639,269,359,2022-12-21 17:51:11,1,181.26571017520862
640,738,926,2023-05-19 16:28:25,2,354.5418481452961
641,674,17,2023-04-14 07:12:14,3,393.56713652085955
642,810,801,2023-01-23 22:39:46,3,197.807533268994
643,671,230,2023-01-21 20:08:01,3,290.86407207749596
644,771,119,2022-09-01 09:17:40,2,91.47608173173302
645,461,957,2022-11-09 03:29:19,2,207.216295962273
646,393,842,2023-05-15 16:31:53,5,715.230475680416
647,807,435,2022-11-06 02:36:04,1,38.81627993750339
648,567,486,2022-09-25 17:36:07,2,114.99850033112862
649,860,257,2022-09-17 18:12:42,5,509.38128199470054
650,2,885,2023-06-18 04:30:07,3,192.3736488832121
651,140,158,2023-04-14 09:36:34,4,394.70277707549326
652,506,982,2023-05-01 19:19:42,3,136.63198817644655
653,860,338,2022-09-29 02:04:48,4,782.2083362509156
654,185,840,2022-10-20 18:33:43,4,296.6267778339321
655,573,971,2023-05-28 02:52:48,3,338.85047363654445
656,871,536,2023-08-24 03:18:55,2,220.72364490134336
657,304,991,2022-11-30 05:49:45,4,311.1351157623493
658,769,642,2022-12-14 19:20:35,3,158.64831603351078
659,4,807,2023-02-13 20:52:01,3,502.78926116955427
660,1000,138,2023-07-24 20:10:13,2,198.46161442831718
661,513,405,2022-08-31 07:55:58,3,317.51476124958515
662,420,216,2023-07-10 19:13:08,2,392.25355719140333
663,478,684,2023-01-15 17:52:41,4,671.3283873014287
664,744,19,2023-03-19 08:55:14,5,822.6267453341337
665,573,12,2023-01-27 00:29:52,5,654.0199595998204
666,967,41,2023-06-18 18:23:28,5,458.79532200657866
667,388,683,2023-01-28 16:04:49,2,210.56516754933892
668,494,576,2022-12-18 05:01:09,4,767.1753590933823
669,434,59,2022-11-06 21:06:51,3,126.0904989897675
670,625,644,2023-02-26 10:37:23,3,385.8867846770845
671,552,660,2023-04-30 17:39:03,5,253.88463604358617
672,223,490,2023-02-26 13:38:29,4,251.2587718525235
673,41,158,2023-01-27 08:10:47,5,190.46640669568444
674,827,85,2022-10-24 20:59:46,2,393.6206169429039
675,773,264,2022-11-29 07:34:21,1,169.2961141069646
676,177,7,2023-02-14 22:23:48,3,566.8452074510352
677,841,30,2023-01-30 13:00:00,5,638.3742033971525
678,367,531,2023-05-09 12:09:53,5,408.9276050271332
679,309,679,2023-02-23 17:51:45,5,829.1935262843691
680,946,834,2022-10-05 16:50:19,1,70.06281027857926
681,545,856,2023-04-18 23:42:45,2,243.39069992300273
682,269,263,2023-05-08 12:42:20,2,371.98243741958873
683,655,779,2023-05-11 15:57:38,4,722.0678012134574
684,66,851,2023-07-22 13:16:00,4,690.5074914751375
685,497,291,2023-01-24 10:20:09,5,756.3927510904573
686,33,970,2023-04-23 02:27:13,3,362.5844746385527
687,866,86,2023-06-24 16:59:54,3,193.78736591895353
688,903,757,2023-03-09 02:40:05,1,195.0107677435488
689,435,69,2023-08-21 07:34:18,2,202.56943526828468
690,137,523,2022-11-05 19:00:12,4,154.07097153626142
691,203,443,2023-01-08 23:48:25,1,164.4275897680067
692,939,522,2022-09-21 14:19:53,3,260.9294573897207
693,813,430,2023-01-21 18:33:43,2,252.67526573679754
694,594,426,2023-02-13 05:07:24,1,104.43258212548005
695,274,108,2023-08-07 05:11:39,2,26.239220734560693
696,903,216,2023-01-22 21:23:16,5,769.1889195740135
697,679,465,2023-06-11 09:31:01,2,204.4918123558119
698,352,271,2022-09-03 12:28:53,1,104.80383118661457
699,478,299,2023-07-17 17:42:01,5,292.3335172311193
700,454,109,2023-01-10 19:14:39,4,578.762206963343
701,213,698,2023-01-19 22:46:22,2,157.12823736365326
702,305,80,2022-09-10 08:53:07,4,89.00203222853209
703,402,181,2022-09-06 18:10:45,3,288.092738597135
704,258,894,2023-07-06 11:10:25,5,346.5438712995955
705,574,407,2023-04-29 10:29:51,4,692.9903799267919
706,111,98,2022-12-17 23:30:34,5,113.16923198581675
707,531,280,2023-06-18 17:58:22,4,197.4102415270639
708,523,742,2022-08-25 19:45:16,2,30.239359542309018
709,502,750,2023-01-25 20:56:13,4,387.6254553163935
710,634,482,2023-01-01 20:00:06,4,109.59714743454691
711,609,1000,2022-12-25 16:03:39,4,729.8209342988339
712,602,517,2022-11-08 22:47:52,2,354.21867983549436
713,144,884,2022-12-08 00:32:37,3,211.2257099981244
714,391,554,2023-02-24 13:19:33,5,686.8980504619137
715,695,776,2023-05-22 23:54:22,5,745.0183486819345
716,215,456,2023-07-07 09:12:35,5,753.8256478972131
717,958,283,2022-11-14 03:37:52,3,276.7781582036098
718,436,85,2022-10-08 08:39:20,4,515.6093305080326
719,631,771,2022-11-13 04:33:18,1,31.31417370637178
720,653,366,2022-09-03 15:45:15,5,779.4170369382391
721,755,200,2022-12-16 23:03:53,1,59.764392235985206
722,517,939,2022-10-03 20:36:40,5,811.190295058335
723,525,611,2022-11-09 22:43:04,4,777.2319763222283
724,548,108,2023-07-09 14:47:18,5,640.0923418786958
725,33,173,2023-07-26 18:03:24,3,499.4185484317722
726,96,910,2022-12-03 07:34:51,1,83.67863985669015
727,473,337,2023-02-13 10:20:25,2,324.6893675245126
728,165,392,2023-01-21 07:08:10,3,251.12742162787163
729,773,862,2023-01-06 12:57:24,4,526.8716677119432
730,483,907,2023-01-25 03:19:39,2,210.29552269205618
731,701,606,2023-02-11 08:24:39,4,395.4310058011178
732,880,691,2023-04-12 07:46:09,2,95.65993537176433
733,631,221,2023-06-12 19:57:50,5,527.4938303771421
734,375,204,2023-05-23 14:35:43,2,255.0710680707436
735,968,937,2023-06-21 15:01:14,1,129.38506208419142
736,933,623,2023-01-17 02:52:59,5,183.11901485293188
737,947,345,2023-02-22 22:15:54,1,74.94842109299177
738,293,209,2023-06-15 17:49:43,5,640.9236496199035
739,504,322,2023-04-18 07:59:35,3,158.91017982480054
740,112,712,2023-01-17 18:03:46,4,65.97377956355967
741,984,744,2023-05-11 15:41:45,2,44.18572544440661
742,984,933,2022-11-20 11:08:01,4,509.35525628588726
743,661,853,2023-05-03 04:40:49,2,344.61874213328343
744,97,774,2023-01-15 18:32:03,5,188.89911972891085
745,101,834,2023-01-05 11:42:39,4,551.954181385825
746,922,259,2023-02-27 12:46:25,2,99.19851400472517
747,713,974,2023-04-16 17:10:57,2,278.9604215907687
748,325,694,2023-07-22 19:03:29,2,71.47790624620914
749,9,703,2022-11-08 21:18:27,5,816.1518463090221
750,653,443,2023-08-11 00:24:53,4,549.0657018604473
751,564,854,2023-08-09 14:35:41,1,35.02654623241196
752,703,522,2022-10-10 23:05:36,2,133.25896723394501
753,879,581,2023-01-27 15:05:31,1,58.019736267894636
754,772,99,2023-05-10 03:53:24,4,245.7705672645038
755,813,635,2023-02-23 15:15:01,4,433.0950622261745
756,494,916,2023-07-26 07:29:56,2,130.84613782786633
757,408,448,2022-09-24 00:11:58,5,268.5622274690743
758,323,813,2023-05-04 04:51:37,4,684.7032905127975
759,952,807,2022-11-24 15:29:42,4,436.2730257481445
760,550,108,2022-11-11 16:56:59,2,254.55475592006303
761,85,384,2023-06-23 22:57:45,1,151.683881712847
762,14,857,2022-12-04 21:41:58,5,513.0533323958583
763,907,231,2023-02-08 20:17:45,3,282.61742675803214
764,491,534,2023-04-10 16:55:03,4,272.6418866076042
765,904,391,2022-12-16 02:29:25,1,76.51047315328717
766,730,47,2023-07-27 15:41:02,3,204.99888717393424
767,407,355,2022-12-11 04:21:43,5,459.4740460538002
768,673,472,2023-08-01 05:54:19,1,102.40569825003323
769,586,451,2022-11-02 06:08:15,5,778.5298306662174
770,527,662,2023-01-11 11:09:14,4,695.7068293439767
771,36,618,2023-06-20 01:56:49,5,824.1877829025169
772,80,630,2023-05-20 00:35:02,5,386.4595411462292
773,171,284,2023-02-10 05:36:45,5,564.3104218224868
774,789,369,2023-04-28 03:17:43,3,529.9529689504594
775,776,769,2022-10-21 11:41:19,5,905.2842105494474
776,975,146,2023-04-10 03:49:38,1,133.15395968027002
777,579,206,2023-06-20 17:59:48,3,164.22056672230008
778,281,316,2023-02-27 21:37:08,1,87.88171919285406
779,618,939,2022-09-19 10:48:01,1,10.132616151894842
780,539,742,2023-08-10 14:04:49,1,79.71896235201993
781,208,33,2023-07-31 20:26:44,2,112.37997694404906
782,536,518,2023-07-25 17:58:35,3,115.24713130462916
783,272,954,2023-01-18 19:46:29,4,222.86719024096624
784,50,479,2022-10-15 06:29:32,4,312.9953035920112
785,462,549,2023-05-02 18:51:01,5,855.2209729189934
786,650,657,2022-12-10 22:49:56,5,845.5724598230481
787,365,798,2022-11-26 02:38:34,3,489.8748278098499
788,732,182,2023-06-29 18:20:23,5,575.3797908193158
789,423,488,2022-08-26 10:47:53,2,347.12149281951787
790,136,129,2023-05-27 17:32:43,3,199.87579157368967
791,146,18,2023-03-15 18:17:53,4,599.7847766452012
792,360,277,2023-05-09 09:12:40,5,73.24885808752225
793,528,465,2022-10-02 15:47:11,1,95.7971133139924
794,837,939,2022-12-14 22:21:14,4,480.26933489773876
795,47,630,2023-05-31 13:47:21,1,30.018285608297727
796,106,306,2023-02-23 19:11:28,3,93.99890932360569
797,412,859,2023-04-04 08:46:40,1,151.15086334176513
798,865,610,2023-04-01 22:05:35,1,83.21168127935131
799,621,245,2023-03-17 10:58:22,5,190.7970660525806
800,622,390,2022-09-27 20:15:20,2,220.18717014454174
801,970,842,2022-09-07 23:08:11,5,739.2036781224709
802,693,424,2022-10-16 18:47:44,3,255.30704267397124
803,309,595,2023-01-07 21:17:34,5,211.9283379269363
804,52,457,2023-02-27 16:25:49,5,782.1652692187023
805,346,525,2023-03-27 04:07:00,2,371.28786684990797
806,572,775,2022-12-27 21:39:20,1,75.11115765734907
807,336,191,2023-06-30 22:21:42,1,147.162534561859
808,816,961,2022-09-24 22:03:12,2,219.11431004391997
809,954,15,2023-08-20 06:32:08,4,110.29591842177156
810,335,663,2023-08-15 09:33:22,4,767.7564001538075
811,251,200,2022-09-14 18:17:41,3,202.1206216395117
812,456,718,2023-01-08 15:29:06,4,102.23423161654584
813,937,366,2022-11-11 18:06:00,3,557.2472531150747
814,694,483,2023-06-06 13:07:27,3,524.8788981075162
815,217,245,2022-12-27 21:19:46,5,188.34943728390675
816,519,868,2023-08-24 05:46:33,3,367.6248390067999
817,270,14,2023-03-02 04:05:35,3,543.0946239606478
818,957,455,2023-05-08 14:40:46,4,561.5332878982531
819,620,540,2023-01-30 12:03:17,2,229.6679810287236
820,451,774,2022-11-13 08:50:19,1,50.79600177152579
821,531,240,2023-03-03 12:53:11,1,27.19246928572505
822,771,548,2022-11-30 20:50:04,5,168.44480567265933
823,851,310,2023-06-16 05:53:03,5,264.27180089532095
824,442,226,2023-03-24 18:39:49,5,508.67664400804045
825,813,260,2023-05-30 02:38:26,2,207.79508662443948
826,940,376,2023-03-12 05:05:48,1,164.58278843731662
827,59,410,2023-02-16 03:26:33,1,152.7948795234763
828,315,845,2023-08-14 20:12:59,4,338.42209022688854
829,109,575,2022-12-18 06:05:44,3,255.4766119916079
830,716,493,2023-05-02 22:46:32,5,850.0119749915585
831,310,40,2023-03-09 02:13:21,1,142.51204756679206
832,604,836,2023-04-21 00:22:10,3,394.24456502346357
833,913,138,2023-06-16 10:58:57,4,542.3111829277238
834,264,791,2023-02-24 23:17:53,4,745.0349360839023
835,304,620,2023-04-30 16:20:10,2,222.91917366754555
836,142,519,2022-11-13 20:41:23,3,449.6706590140084
837,281,384,2023-08-23 20:34:31,5,824.2656814781152
838,221,387,2023-01-07 11:12:26,4,696.8231803912305
839,557,250,2023-02-02 09:54:16,3,453.9981887160733
840,681,590,2023-05-02 05:17:59,1,192.70572135668016
841,325,1,2023-02-07 01:53:59,1,138.21536688489545
842,166,298,2023-07-22 05:57:07,3,453.3779703667815
843,846,603,2023-07-18 10:51:40,4,160.00644855536197
844,232,556,2023-05-04 08:30:48,3,381.20479217203956
845,126,170,2022-11-02 00:15:43,4,381.1676074519467
846,946,201,2023-08-08 23:03:27,5,402.5923973324979
847,789,523,2023-02-25 15:28:02,2,144.9459818026549
848,982,715,2022-12-10 09:29:05,2,34.197034631533164
849,615,685,2023-08-20 11:49:31,5,533.8107486108463
850,602,82,2023-01-15 23:56:50,3,77.42928606099014
851,54,192,2023-06-28 08:03:10,1,177.0716825912227
852,796,620,2022-11-23 19:25:38,2,309.33924722233473
853,824,985,2023-02-06 14:24:57,1,107.28871445267127
854,764,464,2023-03-20 14:25:23,1,86.69340242013753
855,601,682,2023-08-08 01:41:33,2,71.63417076187517
856,321,780,2022-12-30 00:06:18,1,22.355537509287196
857,764,507,2023-02-17 16:02:17,4,713.2343454386778
858,677,157,2023-03-13 20:10:33,3,402.351972532073
859,706,669,2023-01-06 01:20:07,2,283.2346579355437
860,763,982,2023-04-16 11:19:32,1,44.96147672369035
861,131,157,2023-02-28 17:49:15,5,334.09140658279284
862,323,832,2023-02-25 10:13:51,3,380.7969373640966
863,62,919,2022-10-02 05:50:37,5,778.5143113905342
864,175,846,2023-06-12 05:28:06,2,348.6391121541588
865,725,958,2022-10-28 05:40:37,1,113.95473180068541
866,344,829,2023-03-22 23:39:45,2,208.09685737891675
867,910,513,2022-10-23 08:34:46,2,323.5206686069024
868,539,173,2023-05-02 13:21:28,4,471.02987313942424
869,806,187,2022-09-09 00:56:19,5,876.1008973721118
870,592,959,2023-08-06 09:15:13,5,709.9791391732002
871,819,958,2023-07-30 19:26:50,2,53.23788509923163
872,844,204,2022-10-02 05:41:01,3,469.2717896170742
873,344,240,2023-05-31 01:27:58,2,277.48181498109994
874,911,174,2022-12-08 10:53:43,3,388.12950320865934
875,371,472,2023-08-13 10:24:49,5,946.4757163478309
876,506,838,2023-07-11 23:02:20,4,580.9666154695021
877,614,674,2022-11-08 07:11:38,3,481.05221789044276
878,681,197,2023-04-09 17:55:00,1,85.33405511352879
879,294,363,2023-01-10 04:48:38,2,161.26105967046692
880,616,433,2023-04-30 19:26:40,2,97.44018935228704
881,773,833,2022-10-19 07:34:59,3,439.06788733456415
882,736,521,2023-07-03 15:54:22,5,836.2720809644266
883,686,365,2022-10-07 11:16:06,1,190.80372964537574
884,379,670,2023-07-03 08:13:14,4,93.05886411975746
885,702,207,2022-11-12 10:45:37,5,452.72813802655264
886,853,242,2023-07-23 23:03:47,4,753.0374824279498
887,525,125,2023-07-02 18:11:16,2,76.11461622687231
888,503,668,2023-06-21 20:48:34,5,285.8053276407468
889,718,179,2023-04-05 21:25:03,3,591.557741954606
890,466,786,2022-09-24 00:51:54,4,347.9272224065851
891,303,843,2022-11-07 22:22:24,3,222.9868744157578
892,346,253,2023-07-23 14:52:41,3,39.914519755837986
893,404,724,2022-12-02 12:30:46,3,245.82984168210734
894,42,840,2023-06-21 02:36:21,5,731.9515257888013
895,807,597,2023-04-30 17:04:56,2,63.822791324033474
896,659,783,2023-07-30 17:42:17,2,163.0600279166527
897,935,745,2023-02-23 03:50:20,4,339.6110959805228
898,136,218,2023-05-14 03:13:19,4,456.4890047433212
899,660,16,2023-06-02 06:18:26,2,36.70337051939337
900,53,659,2023-07-18 16:27:18,1,63.99898334208602
901,235,509,2022-10-22 23:41:41,4,701.401083246403
902,910,471,2023-08-06 14:46:14,1,189.5977878091722
903,285,457,2023-02-22 16:05:45,5,588.5712119679397
904,990,968,2023-01-17 20:11:39,5,550.0714113873654
905,431,568,2022-12-18 19:53:16,3,298.60820985373834
906,365,957,2022-10-17 02:22:58,3,576.5107529926299
907,452,897,2023-04-12 12:48:40,2,212.70890184675596
908,869,494,2023-01-08 21:28:32,1,82.32117432731388
909,447,714,2022-09-08 18:02:41,1,116.87169773407776
910,894,238,2023-07-21 03:44:44,3,148.08320443736517
911,593,95,2022-10-09 05:49:32,4,262.4946215676052
912,488,239,2023-07-08 22:41:22,2,204.60026809807908
913,654,457,2023-07-27 03:42:31,5,726.0026382249781
914,431,490,2023-01-24 07:09:45,4,215.4894054365171
915,741,857,2023-03-23 20:55:41,5,190.4528985976181
916,353,796,2022-09-06 07:07:51,3,151.45378239426867
917,989,304,2023-05-27 01:38:27,3,129.03772542002721
918,721,57,2023-05-25 01:44:02,4,530.4731220290997
919,729,485,2023-03-15 20:01:08,4,684.045644072656
920,361,934,2022-10-20 23:56:34,5,476.24416573913777
921,21,854,2023-01-04 19:32:07,4,119.2813186737427
922,870,123,2023-07-25 14:05:41,4,236.47087305035598
923,788,734,2023-03-30 09:14:19,5,198.20777994948236
924,145,334,2023-04-10 20:27:14,3,569.2743632804004
925,270,638,2022-12-11 16:26:07,1,103.32795151715953
926,428,98,2023-04-02 09:41:39,2,204.60119609253053
927,977,53,2023-07-25 09:01:10,3,143.61751039286344
928,234,24,2022-10-15 14:00:35,2,140.38697361660255
929,136,940,2022-12-24 18:47:48,3,428.2802014484915
930,364,547,2022-12-08 02:44:08,2,160.55462239372696
931,808,712,2023-07-28 13:08:22,2,269.87047104222216
932,679,919,2022-09-27 19:41:09,1,144.42131512547581
933,989,476,2023-05-18 20:31:46,3,461.5682055974462
934,46,112,2022-10-27 16:05:56,1,54.750660493553006
935,155,334,2023-04-26 18:09:28,4,51.53292732215322
936,986,595,2023-07-22 10:22:13,2,348.91635289602993
937,100,203,2023-07-16 23:24:01,1,37.380091253491855
938,332,75,2023-05-29 01:24:28,4,586.6721089551218
939,234,401,2022-09-22 07:27:14,3,185.54436987043817
940,193,58,2023-03-06 04:17:04,5,701.7302929971233
941,28,793,2022-09-16 15:31:34,4,678.5306518553111
942,281,988,2023-02-23 03:19:54,3,392.5246256575106
943,779,450,2023-06-15 01:58:45,4,240.96255851523304
944,763,723,2023-02-01 11:25:47,3,167.8616238413398
945,84,533,2022-10-14 22:41:54,4,695.3944609722871
946,223,779,2023-06-17 06:14:36,4,456.15226045379194
947,317,65,2023-03-17 22:41:09,5,761.4247587548341
948,616,397,2022-12-18 07:56:31,5,856.71826001476
949,608,169,2023-02-13 02:39:10,1,113.34496250886467
950,826,917,2022-10-19 01:09:44,1,163.22988812070926
951,441,892,2022-12-05 15:17:53,3,212.87046127319925
952,304,497,2023-07-23 13:58:48,3,481.386961835422
953,122,689,2023-04-21 20:54:43,5,930.8421199268106
954,563,222,2023-04-09 20:34:24,4,676.589406037115
955,842,218,2023-06-18 12:10:05,5,769.613709967724
956,140,627,2023-01-05 07:15:06,2,279.6902704846891
957,877,180,2023-05-23 14:03:19,4,499.0651014146317
958,122,801,2023-03-09 17:20:20,4,352.72013484751574
959,414,500,2022-08-25 14:49:40,4,347.8721946787774
960,710,997,2023-04-22 10:10:49,2,317.2870053672019
961,778,658,2023-01-10 07:06:41,2,294.4735264426931
962,162,471,2023-07-05 02:25:59,4,56.71562344140643
963,844,476,2023-03-08 13:17:52,1,91.50853098285238
964,460,106,2023-08-02 15:43:37,5,734.4526596110672
965,311,511,2023-07-25 09:06:27,2,239.63225772018822
966,71,135,2022-10-20 14:13:57,5,153.70193558363195
967,620,8,2023-08-09 08:22:46,2,131.65156485705552
968,815,194,2023-07-21 21:13:14,4,259.435467993864
969,999,459,2023-03-25 07:12:43,2,295.0286873451618
970,324,753,2023-03-19 19:37:52,5,849.6914717415018
971,549,505,2022-11-12 02:31:22,4,386.4076988474698
972,832,482,2022-10-21 16:21:18,1,107.87074043834957
973,668,393,2023-03-11 08:56:52,4,120.93267157947818
974,547,536,2022-09-02 05:42:37,4,494.73542647971664
975,383,231,2023-07-26 19:26:10,5,465.39695383193225
976,111,687,2022-08-29 19:33:18,2,152.8379228606525
977,575,845,2023-06-22 23:09:49,3,307.38447552814404
978,632,683,2022-11-03 05:28:03,3,189.125210056704
979,14,826,2023-06-29 10:49:51,3,69.81766775916556
980,610,530,2022-08-29 00:48:32,3,215.89099793952028
981,801,460,2023-05-06 18:06:31,4,159.29537979307725
982,630,455,2023-07-31 00:30:34,3,241.77377679841655
983,514,771,2023-02-01 05:24:29,2,39.142778690772786
984,225,682,2023-07-25 01:09:12,2,207.3107209091053
985,794,173,2023-07-04 00:50:12,3,199.22634696989655
986,699,734,2023-01-09 23:22:29,4,612.4520281086956
987,73,500,2022-12-30 04:31:46,4,649.9437171143209
988,877,500,2023-07-29 15:16:27,4,213.43299407455788
989,357,940,2022-11-14 05:43:07,5,647.7583846734022
990,473,81,2023-08-21 23:15:00,5,463.9735067834612
991,750,749,2023-03-06 08:12:27,3,465.555467883042
992,468,715,2023-01-10 07:52:21,3,316.4563241586404
993,764,107,2023-02-26 12:34:34,5,583.0698930019516
994,985,543,2023-08-23 12:09:21,4,737.6236848373021
995,560,835,2023-04-29 03:30:29,2,206.03392953283927
996,194,773,2023-03-31 22:32:23,5,162.65389561761125
997,215,738,2023-05-17 08:20:20,3,262.5967707855083
998,793,152,2023-01-26 19:28:56,4,160.2985515320143
999,235,917,2022-09-14 03:08:24,2,330.349506028578
1000,288,785,2023-05-14 12:03:32,3,304.3634552035723
